Author,Title,Genre,PublicationDate
Patrick Walker,Situation opportunity window push try structure specific six.,Fantasy,1984-05-27
Ronald Werner,Respond price evening size decision environment Republican where.,Thriller,2022-04-06
Jack Kim,Strong staff model hand sing focus summer face.,Thriller,2009-09-04
Haley Robinson,Pressure past environment.,Fantasy,1979-03-16
Tim Daniel,Here sing stage college note support.,Thriller,1991-06-22
Robert Thomas,Little support that now.,Mystery,1968-10-22
Brendan Sullivan,Course before quickly car.,Historical,2006-10-21
Maria Martinez,Campaign term me past service pretty still.,Historical,1926-06-28
Christopher Murphy,Soldier prevent report money.,Historical,1936-09-06
Robert Good,Beat campaign quality figure choice strong.,Historical,1971-05-04
Kim Parsons,Save environment machine talk PM section student lawyer.,Thriller,1935-02-16
Michael Robinson,Several again study indicate as because.,Fantasy,1995-08-07
Christina Dixon,Family various field though foreign.,Romance,1953-10-12
Christopher Hansen,None send sign.,Historical,2004-12-22
Amy Clark,They air law article generation.,Mystery,2008-02-21
Christina Woodward,Total page most well amount particularly father.,Fantasy,1998-03-11
Elizabeth Kim,Hundred customer themselves key head tend sometimes necessary.,Mystery,2001-08-10
Beth Simpson,Unit fire the test that.,Fantasy,1965-01-14
Amanda Wright,Price attack human oil Democrat leader.,Historical,1958-07-07
Christian Garza,Couple field mind effort support large contain.,Historical,1938-12-08
Benjamin Gilbert,Focus year appear under there.,Romance,1995-02-04
Bonnie Brooks,And style improve too boy require out.,Fantasy,1941-01-30
Lucas Hodge,Actually top future draw deep manager.,Romance,1936-09-02
Katherine Norris,Difference star wind two understand from.,Historical,1992-06-21
Brian Thomas,Father nearly way back.,Romance,2010-03-08
Ashley Pierce,Side piece choice decade box.,Romance,1939-03-02
Tyler Hicks,Or former consider throughout read hear.,Fantasy,1943-08-13
Lawrence Vasquez,Law size religious as his.,Historical,2015-02-14
Richard Forbes,Soldier short no Mrs represent sort soon.,Fantasy,1936-02-25
Isaac Harris,Eight interview off TV.,Mystery,1995-02-23
Zachary Rojas,Machine high country ground.,Mystery,1931-11-09
Lauren Lopez,Song local data minute war yard.,Thriller,1957-04-21
Gerald Sampson,High save carry difference black.,Mystery,1992-12-07
Linda Ware,Rate to pretty article piece.,Fantasy,2011-10-13
Michael Knight,Analysis statement specific bit.,Fantasy,2018-02-07
Jennifer Donaldson,Peace series dream walk poor father.,Thriller,1934-06-29
Karen Shelton,Raise direction ability prevent benefit.,Romance,2011-01-15
Terry Lucas,School rule at paper join leave news.,Thriller,1929-01-17
Barbara Barron,Cultural easy agent weight our.,Mystery,1978-07-28
Daniel Carey,Professor art all federal five.,Fantasy,1985-05-02
Denise Park,Film marriage house anything use poor model six.,Mystery,2004-03-29
William Martinez,Easy mission top.,Fantasy,1967-02-06
Brittney Jones,Win media wide religious.,Romance,2020-01-13
Sean Mckenzie,Activity old official every on.,Historical,1987-10-23
Carl Hernandez,Suffer toward source may wide discuss.,Thriller,2012-02-23
Danielle Nixon,Line power themselves.,Historical,2023-05-22
Wendy White,Forget indicate score either really just article.,Historical,1931-11-17
Katie Hill,Top yourself special plan part.,Romance,1925-12-02
Mrs. Krista Stephens,Reveal rather agree.,Romance,1982-06-01
Megan Larson,Space affect imagine identify.,Historical,1959-01-25
